{
  "seed": 3407,
  "method": "workflow-stratified random search minimizing state_changes mean drift",
  "total_records": 92,
  "summary": {
    "assemble": {
      "train": {
        "count": 32,
        "change_sum": 3710,
        "change_mean": 115.9375
      },
      "val": {
        "count": 5,
        "change_sum": 580,
        "change_mean": 116.0
      },
      "test": {
        "count": 9,
        "change_sum": 1050,
        "change_mean": 116.66666666666667
      }
    },
    "disassemble": {
      "train": {
        "count": 32,
        "change_sum": 4022,
        "change_mean": 125.6875
      },
      "val": {
        "count": 5,
        "change_sum": 628,
        "change_mean": 125.6
      },
      "test": {
        "count": 9,
        "change_sum": 1131,
        "change_mean": 125.66666666666667
      }
    }
  },
  "splits": {
    "train": [
      "20250407_1345_color",
      "20250407_1354_color",
      "20250407_1437_color",
      "20250408_1119_color",
      "20250408_1130_color",
      "20250408_1149_color",
      "20250408_1157_color",
      "20250408_1202_color",
      "20250408_1209_color",
      "20250408_1347_color",
      "20250408_1357_color",
      "20250408_1407_color",
      "20250408_1415_color",
      "20250408_1423_color",
      "20250409_1113_color",
      "20250409_1131_color",
      "20250409_1151_color",
      "20250409_1157_color",
      "20250409_1209_color",
      "20250409_1213_color",
      "20250409_1220_color",
      "20250410_1119_color",
      "20250410_1143_color",
      "20250410_1148_color",
      "20250410_1157_color",
      "20250410_1201_color",
      "20250410_1343_color",
      "20250410_1349_color",
      "20250410_1356_color",
      "20250410_1359_color",
      "20250410_1411_color",
      "20250411_1643_color",
      "20250414_1002_color",
      "20250414_1008_color",
      "20250414_1015_color",
      "20250414_1019_color",
      "20250414_1354_color",
      "20250414_1404_color",
      "20250414_1429_color",
      "20250414_1437_color",
      "20250414_1449_color",
      "20250414_1454_color",
      "20250417_0850_color",
      "20250417_0853_color",
      "20250417_0859_color",
      "20250417_0907_color",
      "20250417_0910_color",
      "20250417_1114_color",
      "20250417_1123_color",
      "20250417_1126_color",
      "20250417_1129_color",
      "20250417_1132_color",
      "20250417_1136_color",
      "20250417_1139_color",
      "20250429_1124_color",
      "20250429_1134_color",
      "20250429_1138_color",
      "20250429_1142_color",
      "20250429_1146_color",
      "20250507_1110_color",
      "20250507_1125_color",
      "20250507_1129_color",
      "20250507_1132_color",
      "20250507_1139_color"
    ],
    "val": [
      "20250407_1405_color",
      "20250407_1433_color",
      "20250410_1130_color",
      "20250410_1404_color",
      "20250410_1414_color",
      "20250411_1622_color",
      "20250414_0954_color",
      "20250417_0845_color",
      "20250429_1112_color",
      "20250429_1118_color"
    ],
    "test": [
      "20250407_1420_color",
      "20250407_1425_color",
      "20250408_1403_color",
      "20250408_1411_color",
      "20250408_1420_color",
      "20250409_1225_color",
      "20250410_1138_color",
      "20250410_1153_color",
      "20250411_1628_color",
      "20250411_1634_color",
      "20250411_1638_color",
      "20250411_1647_color",
      "20250414_1421_color",
      "20250414_1443_color",
      "20250417_0903_color",
      "20250417_1118_color",
      "20250507_1121_color",
      "20250507_1136_color"
    ]
  }
}